1	"実家に顔を出すと、なぜか次の日動けなくなる人へ。札幌市西区で自律神経を見る仕事をしてますが、親との会話を帰ってからも何時間も頭の中で再生してる人がいる、"	2026/09/30	6	1
1	"「ああ言えば良かった」と、終わらない反省会をしてる。これは性格じゃない。意識の奥が、実家という場所をまだ危険だと覚えてる状態。そこは私が除去する。フォローしてDMください。"	2026/09/30	6	1
2	"来てくれる人の年代を聞かれる事があった。札幌市西区で自律神経を見る仕事をしてますが、体感では40前後が一番多い、子育ても仕事も一番忙しい時期で、自分の不調は後回しにしてきた人たち。子育てに悪影響を感じたときに連絡をくれる。心当たりある人、フォローしてDMください。"	2026/09/30	12	5
3	"何年も前の事故を、もう忘れてる人へ。札幌市西区で自律神経を見る仕事をしてますが、本人が原因だと思ってないので自分からは言わない、"	2026/09/30	13	12
3	"既往を一つずつ聞いて、やっと出てくる。病院で異常なしと言われてる人、事故の記憶があるなら教えてくれ。フォローしてDMください。"	2026/09/30	13	12
4	"「否定はしてない。ただ意見を聞いてるだけ」札幌市西区で自律神経を見る仕事をしてますが、これは母親からよく言われるセリフだと話してくれた女性がいた、それは質問じゃなくて尋問詰問。将来的に不調の原因になりうる。思い当たる人、フォローしてDMください。"	2026/09/30	14	19
5	"立ち仕事で、背中や足がパンパンな人へ。札幌市西区で自律神経を見てますが、もみほぐしのメニューもあります、原因を探る話は無し。単純に固まった筋肉をほぐすだけ。55分3,500円でテスト中。予約は電話かラインで。"	2026/09/30	15	26
6	"「大丈夫」しか言えたことがない人へ。札幌市西区で自律神経を見る仕事をしてますが、しんどい時ほど反射で「大丈夫」と言ってしまう人がいる。第一にしんどいと言った後の方が面倒だし、"	2026/09/30	16	33
6	"弱音を出したら誰かに迷惑がかかると、子供の頃に覚えた反応。本音を出す練習を、大人になってからする人は多い。そこは私が除去する。フォローしてDMください。"	2026/09/30	16	33
7	"「後輩に強く言えなくて、毎日疲れて帰るんです。肩と首がガチガチで、めまいもたまにあります」。学童保育のパート職員、30代女性からこんな相談が来た話、"	2026/09/30	17	40
7	"札幌市西区で自律神経を見る仕事をしてますが、年下の主任に強く言えず、日々気を遣いすぎて疲弊してる人だった。主訴・肩と首のこわばりが慢性的にある・めまいが時々出る・胃もたれが食後に頻繁にある・朝の倦怠感が抜けないまず既往を聞くと、こちらも検査は毎回異常なしだったとの事。それを踏まえて首と肩甲骨と足首を調整。首のこわばりの指標が10から7に、"	2026/09/30	17	40
7	"次に内臓を下から順に当たっていく。膀胱に触れさせるが反応なし、ここは除外。大腸に触れさせても反応なし、ここも除外。副腎に触れさせたところで、体幹に力が入らなくなった。副腎ありそう。副腎と側頭部を同時に触れさせると、今度は力が戻った。側頭部に原因がある確率が高い、"	2026/09/30	17	40
7	"側頭部に触れたまま、最近職場で一番緊張した場面を聞き出して、それをイメージさせてみる。出てきたのは、主任から仕事のやり方を頭ごなしに注意された日の記憶。イメージさせた途端。筋力弱化。原因は今回ここ。背中を押しながら、その時の感覚がどれくらい残ってるか数値で確認する。10、9、8と声に出しながら押していき、9のところでグラついた。嫌な気持ち9程度残存とする。まず前頭葉にヒーリングを入れて再チェック。6まで下がった、"	2026/09/30	17	40
7	"数値はまだ残っているから深掘り。本人に聞くと、子供の頃から「我慢しなさい」と言われ続けて育ったらしい。母も自分の親から同じように我慢を強いられて育った人だった。次に、母親との関係性にヒーリングを入れてみると、2まで下がった。その日は首のこわばりも3まで抜けて、めまいも施術後2日出なかったと連絡が来た。2週間後の2回目、最初から首のこわばりは4だった。ただ別の記憶が引っかかっていて、子供の頃に一度だけ母に反論して強く叱られた日の記憶が残っていた。そこにもヒーリングを入れる、"	2026/09/30	17	40
7	"3回目が終わる頃には、めまいが出る日がほぼ無くなり、朝の重さも軽くなったと本人が言う。「主任に注意されても、前より引きずらなくなりました」というのが、本人の実際の言葉。気を遣いすぎて疲弊する人は、家の中で我慢させられてる事が多い。自己主張苦手なのだろう。そこは私が除去する。フォローしてDMください。"	2026/09/30	17	40
8	"肩甲骨のきわ、マッサージしても痛みが取れない人へ。それ、頚椎5番の肩甲背神経痛を疑う、"	2026/09/30	18	47
8	"表面より奥が痛くて、ピンポイントというより広めに痛いタイプはこれ。背中を揉んでも効果が出にくい。原因が首だから。遠隔ヒーリングでも結構出くわすが、即効果が出やすい印象がある。「肩甲背神経痛」で一度調べてみてくれ。当てはまる人、DMください。"	2026/09/30	18	47